{"connections":{":i-Lqj0fkJM4-Tj-_hMSZzz":{"configuredProperties":{"brokers":"172.30.184.75:9092"},"connector":{"actions":[{"actionType":"connector","description":"Publish data to the Kafka topic that you select.","descriptor":{"inputDataShape":{"kind":"any"},"outputDataShape":{"kind":"none"},"propertyDefinitionSteps":[{"description":"Specify Kafka topic name","name":"Select the Kafka topic","properties":{"topic":{"componentProperty":false,"deprecated":false,"displayName":"Topic Name","group":"common","javaType":"java.lang.String","kind":"path","labelHint":"Select the Kafka topic to send data to.","order":1,"required":true,"secret":false,"type":"string"}}}]},"id":"io.syndesis:kafka-publish-action","name":"Publish","pattern":"To","tags":["dynamic"]},{"actionType":"connector","description":"Receive data from the Kafka topic that you select.","descriptor":{"inputDataShape":{"kind":"none"},"outputDataShape":{"kind":"any"},"propertyDefinitionSteps":[{"description":"Select the Kafka topic name","name":"Select the Kafka topic","properties":{"topic":{"componentProperty":false,"deprecated":false,"displayName":"Topic Name","group":"common","javaType":"java.lang.String","kind":"path","labelHint":"Select the Kafka topic to receive data from.","order":1,"required":true,"secret":false,"type":"string"}}}]},"id":"io.syndesis:kafka-subscribe-action","name":"Subscribe","pattern":"From","tags":["dynamic"]}],"componentScheme":"kafka","dependencies":[{"id":"io.syndesis.connector:connector-kafka:1.7.13.fuse-740001-redhat-00002","type":"MAVEN"}],"description":"Subscribe for and publish messages","icon":"assets:kafka.svg","id":"kafka","name":"Kafka Message Broker","properties":{"brokers":{"componentProperty":true,"deprecated":false,"displayName":"Kafka Broker URIs","group":"common","javaType":"java.lang.String","kind":"property","label":"common","labelHint":"Comma separated list of Kafka broker URIs in the form host:port. Note that SSL URIs are not supported at this time and will cause an OOM at connection verification (see also https://issues.apache.org/jira/browse/KAFKA-4090)","order":1,"required":true,"secret":false,"type":"string"}},"tags":["verifier"],"version":2},"connectorId":"kafka","createdDate":1570599517204,"description":"Subscribe for and publish messages","icon":"assets:kafka.svg","id":"i-Lqj0fkJM4-Tj-_hMSZzz","isDerived":false,"lastUpdated":1570599517204,"name":"Kafka Message Broker","userId":"user1","uses":0},":i-Lqj3rBfM4-Tj-_hMS_0z":{"configuredProperties":{"password":"»ENC:ebe5a3067decae879a7a6212335ce3eb6e37d4e095ba5af919fd58b561dfab03","url":"jdbc:mysql://172.30.154.33:3306/sampledb?verifyServerCertificate=false&useSSL=false","user":"mysql"},"connector":{"actions":[{"actionType":"connector","description":"Invoke SQL to obtain, store, update, or delete data.","descriptor":{"componentScheme":"sql","connectorCustomizers":["io.syndesis.connector.sql.customizer.SqlConnectorCustomizer"],"inputDataShape":{"kind":"json-schema"},"outputDataShape":{"kind":"json-schema"},"propertyDefinitionSteps":[{"description":"Enter a SQL statement that starts with INSERT, SELECT, UPDATE or DELETE.","name":"SQL statement","properties":{"batch":{"defaultValue":"false","deprecated":false,"displayName":"Batch update","enum":[{"label":"No","value":"false"},{"label":"Yes","value":"true"}],"group":"common","javaType":"java.lang.String","kind":"property","labelHint":"Use prepared statements for INSERT, UPDATE, DELETE in order to update multiple rows with batch update.","order":2,"required":true,"secret":false,"type":"string"},"query":{"deprecated":false,"displayName":"SQL statement","group":"common","javaType":"java.lang.String","kind":"path","labelHint":"SQL statement to be executed. Can contain input parameters prefixed by ':#'.","order":1,"placeholder":"for example ':#MYPARAMNAME'","required":true,"secret":false,"type":"string"}}}]},"id":"sql-connector","name":"Invoke SQL","pattern":"To","tags":["dynamic"]},{"actionType":"connector","description":"Periodically invoke SQL to obtain data.","descriptor":{"componentScheme":"sql","connectorCustomizers":["io.syndesis.connector.sql.customizer.SqlStartConnectorCustomizer"],"inputDataShape":{"kind":"none"},"outputDataShape":{"kind":"json-schema"},"propertyDefinitionSteps":[{"description":"Enter a SQL statement that returns results, such as SELECT.","name":"SQL statement","properties":{"query":{"deprecated":false,"displayName":"SQL statement","group":"common","javaType":"java.lang.String","kind":"path","labelHint":"SQL statement to be executed.","order":1,"required":true,"secret":false,"type":"string"},"schedulerExpression":{"defaultValue":"60000","deprecated":false,"displayName":"Period","group":"consumer","javaType":"long","kind":"parameter","labelHint":"Delay between scheduling (executing).","order":2,"required":false,"secret":false,"type":"duration"}}}]},"id":"sql-start-connector","name":"Periodic SQL invocation","pattern":"From","tags":["dynamic"]},{"actionType":"connector","description":"Invoke a stored procedure.","descriptor":{"componentScheme":"sql-stored","connectorCustomizers":["io.syndesis.connector.sql.customizer.SqlStoredConnectorCustomizer"],"inputDataShape":{"kind":"json-schema"},"outputDataShape":{"kind":"json-schema"},"propertyDefinitionSteps":[{"description":"Select the stored procedure.","name":"Procedure name","properties":{"procedureName":{"componentProperty":true,"deprecated":false,"displayName":"Procedure name","group":"common","javaType":"java.lang.String","kind":"property","labelHint":"Name of the stored procedure.","required":false,"secret":false,"type":"string"},"template":{"componentProperty":false,"deprecated":false,"displayName":"Template","group":"producer","javaType":"java.lang.String","kind":"path","labelHint":"Stored procedure template to perform.","required":false,"secret":false,"type":"hidden"}}}]},"id":"sql-stored-connector","name":"Invoke stored procedure","pattern":"To","tags":["dynamic"]},{"actionType":"connector","description":"Periodically invoke a stored procedure.","descriptor":{"componentScheme":"sql-stored","connectorCustomizers":["io.syndesis.connector.sql.customizer.SqlStartStoredConnectorCustomizer"],"inputDataShape":{"kind":"none"},"outputDataShape":{"kind":"json-schema"},"propertyDefinitionSteps":[{"description":"Select the stored procedure.","name":"Procedure name","properties":{"procedureName":{"componentProperty":true,"deprecated":false,"displayName":"Procedure name","group":"producer","javaType":"java.lang.String","kind":"path","labelHint":"Name of the stored procedure.","required":true,"secret":false,"type":"string"},"schedulerExpression":{"defaultValue":"60000","deprecated":false,"displayName":"Period","group":"consumer","javaType":"long","kind":"parameter","labelHint":"Delay between scheduling (executing).","required":false,"secret":false,"type":"duration"},"template":{"componentProperty":false,"deprecated":false,"displayName":"Template","group":"producer","javaType":"java.lang.String","kind":"path","labelHint":"Stored Procedure template to perform.","required":true,"secret":false,"type":"hidden"}}}]},"id":"sql-stored-start-connector","name":"Periodic stored procedure invocation","pattern":"From","tags":["dynamic"]}],"connectorCustomizers":["io.syndesis.connector.sql.customizer.DataSourceCustomizer"],"dependencies":[{"id":"io.syndesis.connector:connector-sql:1.7.13.fuse-740001-redhat-00002","type":"MAVEN"},{"id":"jdbc-driver","type":"EXTENSION_TAG"}],"description":"Subscribe for and publish messages.","icon":"assets:sql.svg","id":"sql","name":"Database","properties":{"password":{"componentProperty":true,"deprecated":false,"displayName":"Password","group":"security","javaType":"java.lang.String","kind":"property","label":"common,security","labelHint":"Password for the database connection.","order":3,"required":true,"secret":true,"type":"string"},"schema":{"componentProperty":true,"deprecated":false,"displayName":"Schema","group":"common","javaType":"java.lang.String","kind":"property","label":"common","labelHint":"Database schema.","order":4,"required":false,"secret":false,"type":"string"},"url":{"componentProperty":true,"deprecated":false,"displayName":"Connection URL","group":"common","javaType":"java.lang.String","kind":"property","labelHint":"JDBC URL of the database.","order":1,"required":true,"secret":false,"type":"string"},"user":{"componentProperty":true,"deprecated":false,"displayName":"Username","group":"common","javaType":"java.lang.String","kind":"property","labelHint":"Username for the database connection.","order":2,"required":true,"secret":false,"type":"string"}},"tags":["verifier"],"version":2},"connectorId":"sql","createdDate":1570600350507,"description":"Subscribe for and publish messages.","icon":"assets:sql.svg","id":"i-Lqj3rBfM4-Tj-_hMS_0z","isDerived":false,"lastUpdated":1570600350507,"name":"Playback Database","userId":"user1","uses":0}},"connectors":{":kafka":{"actions":[{"actionType":"connector","description":"Publish data to the Kafka topic that you select.","descriptor":{"inputDataShape":{"kind":"any"},"outputDataShape":{"kind":"none"},"propertyDefinitionSteps":[{"description":"Specify Kafka topic name","name":"Select the Kafka topic","properties":{"topic":{"componentProperty":false,"deprecated":false,"displayName":"Topic Name","group":"common","javaType":"java.lang.String","kind":"path","labelHint":"Select the Kafka topic to send data to.","order":1,"required":true,"secret":false,"type":"string"}}}]},"id":"io.syndesis:kafka-publish-action","name":"Publish","pattern":"To","tags":["dynamic"]},{"actionType":"connector","description":"Receive data from the Kafka topic that you select.","descriptor":{"inputDataShape":{"kind":"none"},"outputDataShape":{"kind":"any"},"propertyDefinitionSteps":[{"description":"Select the Kafka topic name","name":"Select the Kafka topic","properties":{"topic":{"componentProperty":false,"deprecated":false,"displayName":"Topic Name","group":"common","javaType":"java.lang.String","kind":"path","labelHint":"Select the Kafka topic to receive data from.","order":1,"required":true,"secret":false,"type":"string"}}}]},"id":"io.syndesis:kafka-subscribe-action","name":"Subscribe","pattern":"From","tags":["dynamic"]}],"componentScheme":"kafka","dependencies":[{"id":"io.syndesis.connector:connector-kafka:1.7.13.fuse-740001-redhat-00002","type":"MAVEN"}],"description":"Subscribe for and publish messages","icon":"assets:kafka.svg","id":"kafka","name":"Kafka Message Broker","properties":{"brokers":{"componentProperty":true,"deprecated":false,"displayName":"Kafka Broker URIs","group":"common","javaType":"java.lang.String","kind":"property","label":"common","labelHint":"Comma separated list of Kafka broker URIs in the form host:port. Note that SSL URIs are not supported at this time and will cause an OOM at connection verification (see also https://issues.apache.org/jira/browse/KAFKA-4090)","order":1,"required":true,"secret":false,"type":"string"}},"tags":["verifier"],"version":2},":sql":{"actions":[{"actionType":"connector","description":"Invoke SQL to obtain, store, update, or delete data.","descriptor":{"componentScheme":"sql","connectorCustomizers":["io.syndesis.connector.sql.customizer.SqlConnectorCustomizer"],"inputDataShape":{"kind":"json-schema"},"outputDataShape":{"kind":"json-schema"},"propertyDefinitionSteps":[{"description":"Enter a SQL statement that starts with INSERT, SELECT, UPDATE or DELETE.","name":"SQL statement","properties":{"batch":{"defaultValue":"false","deprecated":false,"displayName":"Batch update","enum":[{"label":"No","value":"false"},{"label":"Yes","value":"true"}],"group":"common","javaType":"java.lang.String","kind":"property","labelHint":"Use prepared statements for INSERT, UPDATE, DELETE in order to update multiple rows with batch update.","order":2,"required":true,"secret":false,"type":"string"},"query":{"deprecated":false,"displayName":"SQL statement","group":"common","javaType":"java.lang.String","kind":"path","labelHint":"SQL statement to be executed. Can contain input parameters prefixed by ':#'.","order":1,"placeholder":"for example ':#MYPARAMNAME'","required":true,"secret":false,"type":"string"}}}]},"id":"sql-connector","name":"Invoke SQL","pattern":"To","tags":["dynamic"]},{"actionType":"connector","description":"Periodically invoke SQL to obtain data.","descriptor":{"componentScheme":"sql","connectorCustomizers":["io.syndesis.connector.sql.customizer.SqlStartConnectorCustomizer"],"inputDataShape":{"kind":"none"},"outputDataShape":{"kind":"json-schema"},"propertyDefinitionSteps":[{"description":"Enter a SQL statement that returns results, such as SELECT.","name":"SQL statement","properties":{"query":{"deprecated":false,"displayName":"SQL statement","group":"common","javaType":"java.lang.String","kind":"path","labelHint":"SQL statement to be executed.","order":1,"required":true,"secret":false,"type":"string"},"schedulerExpression":{"defaultValue":"60000","deprecated":false,"displayName":"Period","group":"consumer","javaType":"long","kind":"parameter","labelHint":"Delay between scheduling (executing).","order":2,"required":false,"secret":false,"type":"duration"}}}]},"id":"sql-start-connector","name":"Periodic SQL invocation","pattern":"From","tags":["dynamic"]},{"actionType":"connector","description":"Invoke a stored procedure.","descriptor":{"componentScheme":"sql-stored","connectorCustomizers":["io.syndesis.connector.sql.customizer.SqlStoredConnectorCustomizer"],"inputDataShape":{"kind":"json-schema"},"outputDataShape":{"kind":"json-schema"},"propertyDefinitionSteps":[{"description":"Select the stored procedure.","name":"Procedure name","properties":{"procedureName":{"componentProperty":true,"deprecated":false,"displayName":"Procedure name","group":"common","javaType":"java.lang.String","kind":"property","labelHint":"Name of the stored procedure.","required":false,"secret":false,"type":"string"},"template":{"componentProperty":false,"deprecated":false,"displayName":"Template","group":"producer","javaType":"java.lang.String","kind":"path","labelHint":"Stored procedure template to perform.","required":false,"secret":false,"type":"hidden"}}}]},"id":"sql-stored-connector","name":"Invoke stored procedure","pattern":"To","tags":["dynamic"]},{"actionType":"connector","description":"Periodically invoke a stored procedure.","descriptor":{"componentScheme":"sql-stored","connectorCustomizers":["io.syndesis.connector.sql.customizer.SqlStartStoredConnectorCustomizer"],"inputDataShape":{"kind":"none"},"outputDataShape":{"kind":"json-schema"},"propertyDefinitionSteps":[{"description":"Select the stored procedure.","name":"Procedure name","properties":{"procedureName":{"componentProperty":true,"deprecated":false,"displayName":"Procedure name","group":"producer","javaType":"java.lang.String","kind":"path","labelHint":"Name of the stored procedure.","required":true,"secret":false,"type":"string"},"schedulerExpression":{"defaultValue":"60000","deprecated":false,"displayName":"Period","group":"consumer","javaType":"long","kind":"parameter","labelHint":"Delay between scheduling (executing).","required":false,"secret":false,"type":"duration"},"template":{"componentProperty":false,"deprecated":false,"displayName":"Template","group":"producer","javaType":"java.lang.String","kind":"path","labelHint":"Stored Procedure template to perform.","required":true,"secret":false,"type":"hidden"}}}]},"id":"sql-stored-start-connector","name":"Periodic stored procedure invocation","pattern":"From","tags":["dynamic"]}],"connectorCustomizers":["io.syndesis.connector.sql.customizer.DataSourceCustomizer"],"dependencies":[{"id":"io.syndesis.connector:connector-sql:1.7.13.fuse-740001-redhat-00002","type":"MAVEN"},{"id":"jdbc-driver","type":"EXTENSION_TAG"}],"description":"Subscribe for and publish messages.","icon":"assets:sql.svg","id":"sql","name":"Database","properties":{"password":{"componentProperty":true,"deprecated":false,"displayName":"Password","group":"security","javaType":"java.lang.String","kind":"property","label":"common,security","labelHint":"Password for the database connection.","order":3,"required":true,"secret":true,"type":"string"},"schema":{"componentProperty":true,"deprecated":false,"displayName":"Schema","group":"common","javaType":"java.lang.String","kind":"property","label":"common","labelHint":"Database schema.","order":4,"required":false,"secret":false,"type":"string"},"url":{"componentProperty":true,"deprecated":false,"displayName":"Connection URL","group":"common","javaType":"java.lang.String","kind":"property","labelHint":"JDBC URL of the database.","order":1,"required":true,"secret":false,"type":"string"},"user":{"componentProperty":true,"deprecated":false,"displayName":"Username","group":"common","javaType":"java.lang.String","kind":"property","labelHint":"Username for the database connection.","order":2,"required":true,"secret":false,"type":"string"}},"tags":["verifier"],"version":2}},"integrations":{":i-LqmswqG8YKyI0cVbhv5z":{"createdAt":1570664336784,"flows":[{"id":"-LqmpkvDJSbRT9nIRLwc","steps":[{"action":{"actionType":"connector","description":"Receive data from the Kafka topic that you select.","descriptor":{"inputDataShape":{"kind":"none"},"outputDataShape":{"kind":"json-instance","metadata":{"userDefined":"true"},"name":"movement","specification":"{\n  \"id\": \"johnny\",\n  \"cmd\": \"forward;\",\n  \"time\": \"123456789\"\n}"},"propertyDefinitionSteps":[{"description":"Select the Kafka topic name","name":"Select the Kafka topic","properties":{"topic":{"componentProperty":false,"defaultValue":"movement","deprecated":false,"displayName":"Topic Name","group":"common","javaType":"java.lang.String","kind":"path","labelHint":"Select the Kafka topic to receive data from.","order":1,"required":true,"secret":false,"type":"string"}}}]},"id":"io.syndesis:kafka-subscribe-action","name":"Subscribe","pattern":"From","tags":["dynamic"]},"configuredProperties":{"topic":"movement"},"connection":{"configuredProperties":{"brokers":"172.30.184.75:9092"},"connector":{"actions":[{"actionType":"connector","description":"Publish data to the Kafka topic that you select.","descriptor":{"inputDataShape":{"kind":"any"},"outputDataShape":{"kind":"none"},"propertyDefinitionSteps":[{"description":"Specify Kafka topic name","name":"Select the Kafka topic","properties":{"topic":{"componentProperty":false,"deprecated":false,"displayName":"Topic Name","group":"common","javaType":"java.lang.String","kind":"path","labelHint":"Select the Kafka topic to send data to.","order":1,"required":true,"secret":false,"type":"string"}}}]},"id":"io.syndesis:kafka-publish-action","name":"Publish","pattern":"To","tags":["dynamic"]},{"actionType":"connector","description":"Receive data from the Kafka topic that you select.","descriptor":{"inputDataShape":{"kind":"none"},"outputDataShape":{"kind":"any"},"propertyDefinitionSteps":[{"description":"Select the Kafka topic name","name":"Select the Kafka topic","properties":{"topic":{"componentProperty":false,"deprecated":false,"displayName":"Topic Name","group":"common","javaType":"java.lang.String","kind":"path","labelHint":"Select the Kafka topic to receive data from.","order":1,"required":true,"secret":false,"type":"string"}}}]},"id":"io.syndesis:kafka-subscribe-action","name":"Subscribe","pattern":"From","tags":["dynamic"]}],"componentScheme":"kafka","dependencies":[{"id":"io.syndesis.connector:connector-kafka:1.7.13.fuse-740001-redhat-00002","type":"MAVEN"}],"description":"Subscribe for and publish messages","icon":"assets:kafka.svg","id":"kafka","name":"Kafka Message Broker","properties":{"brokers":{"componentProperty":true,"deprecated":false,"displayName":"Kafka Broker URIs","group":"common","javaType":"java.lang.String","kind":"property","label":"common","labelHint":"Comma separated list of Kafka broker URIs in the form host:port. Note that SSL URIs are not supported at this time and will cause an OOM at connection verification (see also https://issues.apache.org/jira/browse/KAFKA-4090)","order":1,"required":true,"secret":false,"type":"string"}},"tags":["verifier"],"version":2},"connectorId":"kafka","createdDate":1570599517204,"description":"Subscribe for and publish messages","icon":"assets:kafka.svg","id":"i-Lqj0fkJM4-Tj-_hMSZzz","isDerived":false,"lastUpdated":1570599517204,"name":"Kafka Message Broker","userId":"user1","uses":0},"id":"-Lqmpz2SJSbRT9nIRLwc","metadata":{"configured":"true"},"stepKind":"endpoint"},{"action":{"actionType":"step","descriptor":{"inputDataShape":{"kind":"any","name":"All preceding outputs"},"outputDataShape":{"description":"Parameters of SQL [INSERT INTO movement (mtime, name, cmd) VALUES (:#mtime, :#name, :#cmd)]","kind":"json-schema","metadata":{"variant":"element"},"name":"SQL Parameter","specification":"{\"type\":\"object\",\"$schema\":\"http://json-schema.org/schema#\",\"title\":\"SQL_PARAM_IN\",\"properties\":{\"mtime\":{\"type\":\"string\",\"required\":true},\"name\":{\"type\":\"string\",\"required\":true},\"cmd\":{\"type\":\"string\",\"required\":true}}}","type":"SQL_PARAM_IN"}}},"configuredProperties":{"atlasmapping":"{\"AtlasMapping\":{\"jsonType\":\"io.atlasmap.v2.AtlasMapping\",\"dataSource\":[{\"jsonType\":\"io.atlasmap.json.v2.JsonDataSource\",\"id\":\"-Lqmpz2SJSbRT9nIRLwc\",\"uri\":\"atlas:json:-Lqmpz2SJSbRT9nIRLwc\",\"dataSourceType\":\"SOURCE\"},{\"jsonType\":\"io.atlasmap.json.v2.JsonDataSource\",\"id\":\"-Lqms9tCJSbRT9nIRLwc\",\"uri\":\"atlas:json:-Lqms9tCJSbRT9nIRLwc\",\"dataSourceType\":\"TARGET\",\"template\":null}],\"mappings\":{\"mapping\":[{\"jsonType\":\"io.atlasmap.v2.Mapping\",\"id\":\"mapping.598068\",\"inputField\":[{\"jsonType\":\"io.atlasmap.json.v2.JsonField\",\"name\":\"cmd\",\"path\":\"/cmd\",\"fieldType\":\"STRING\",\"docId\":\"-Lqmpz2SJSbRT9nIRLwc\",\"userCreated\":false}],\"outputField\":[{\"jsonType\":\"io.atlasmap.json.v2.JsonField\",\"name\":\"cmd\",\"path\":\"/cmd\",\"fieldType\":\"STRING\",\"docId\":\"-Lqms9tCJSbRT9nIRLwc\",\"userCreated\":false}]},{\"jsonType\":\"io.atlasmap.v2.Mapping\",\"id\":\"mapping.587683\",\"inputField\":[{\"jsonType\":\"io.atlasmap.json.v2.JsonField\",\"name\":\"id\",\"path\":\"/id\",\"fieldType\":\"STRING\",\"docId\":\"-Lqmpz2SJSbRT9nIRLwc\",\"userCreated\":false}],\"outputField\":[{\"jsonType\":\"io.atlasmap.json.v2.JsonField\",\"name\":\"name\",\"path\":\"/name\",\"fieldType\":\"STRING\",\"docId\":\"-Lqms9tCJSbRT9nIRLwc\",\"userCreated\":false}]},{\"jsonType\":\"io.atlasmap.v2.Mapping\",\"id\":\"mapping.179254\",\"inputField\":[{\"jsonType\":\"io.atlasmap.json.v2.JsonField\",\"name\":\"time\",\"path\":\"/time\",\"fieldType\":\"STRING\",\"docId\":\"-Lqmpz2SJSbRT9nIRLwc\",\"userCreated\":false}],\"outputField\":[{\"jsonType\":\"io.atlasmap.json.v2.JsonField\",\"name\":\"mtime\",\"path\":\"/mtime\",\"fieldType\":\"STRING\",\"docId\":\"-Lqms9tCJSbRT9nIRLwc\",\"userCreated\":false}]}]},\"name\":\"UI.590586\",\"lookupTables\":{\"lookupTable\":[]},\"constants\":{\"constant\":[]},\"properties\":{\"property\":[]}}}"},"id":"-Lqmst5MJSbRT9nIRLwf","metadata":{"configured":"true"},"name":"Data Mapper","stepKind":"mapper"},{"action":{"actionType":"connector","description":"Invoke SQL to obtain, store, update, or delete data.","descriptor":{"componentScheme":"sql","connectorCustomizers":["io.syndesis.connector.sql.customizer.SqlConnectorCustomizer"],"inputDataShape":{"description":"Parameters of SQL [INSERT INTO movement (mtime, name, cmd) VALUES (:#mtime, :#name, :#cmd)]","kind":"json-schema","metadata":{"variant":"element"},"name":"SQL Parameter","specification":"{\"type\":\"object\",\"$schema\":\"http://json-schema.org/schema#\",\"title\":\"SQL_PARAM_IN\",\"properties\":{\"mtime\":{\"type\":\"string\",\"required\":true},\"name\":{\"type\":\"string\",\"required\":true},\"cmd\":{\"type\":\"string\",\"required\":true}}}","type":"SQL_PARAM_IN"},"outputDataShape":{"description":"Result of SQL [INSERT INTO movement (mtime, name, cmd) VALUES (:#mtime, :#name, :#cmd)]","kind":"json-schema","metadata":{"variant":"collection"},"name":"SQL Result","specification":"{\"type\":\"array\",\"$schema\":\"http://json-schema.org/schema#\",\"items\":{\"type\":\"object\",\"title\":\"SQL_PARAM_OUT\",\"properties\":{\"id\":{\"type\":\"integer\",\"required\":true}}}}","type":"SQL_PARAM_OUT"},"propertyDefinitionSteps":[{"description":"Enter a SQL statement that starts with INSERT, SELECT, UPDATE or DELETE.","name":"SQL statement","properties":{"batch":{"defaultValue":"false","deprecated":false,"displayName":"Batch update","enum":[{"label":"No","value":"false"},{"label":"Yes","value":"true"}],"group":"common","javaType":"java.lang.String","kind":"property","labelHint":"Use prepared statements for INSERT, UPDATE, DELETE in order to update multiple rows with batch update.","order":2,"required":true,"secret":false,"type":"string"},"query":{"defaultValue":"INSERT INTO movement (mtime, name, cmd) VALUES (:#mtime, :#name, :#cmd)","deprecated":false,"displayName":"SQL statement","group":"common","javaType":"java.lang.String","kind":"path","labelHint":"SQL statement to be executed. Can contain input parameters prefixed by ':#'.","order":1,"placeholder":"for example ':#MYPARAMNAME'","required":true,"secret":false,"type":"string"}}}]},"id":"sql-connector","name":"Invoke SQL","pattern":"To","tags":["dynamic"]},"configuredProperties":{"batch":"false","query":"INSERT INTO movement (mtime, name, cmd) VALUES (:#mtime, :#name, :#cmd)"},"connection":{"configuredProperties":{"password":"»ENC:ebe5a3067decae879a7a6212335ce3eb6e37d4e095ba5af919fd58b561dfab03","url":"jdbc:mysql://172.30.154.33:3306/sampledb?verifyServerCertificate=false&useSSL=false","user":"mysql"},"connector":{"actions":[{"actionType":"connector","description":"Invoke SQL to obtain, store, update, or delete data.","descriptor":{"componentScheme":"sql","connectorCustomizers":["io.syndesis.connector.sql.customizer.SqlConnectorCustomizer"],"inputDataShape":{"kind":"json-schema"},"outputDataShape":{"kind":"json-schema"},"propertyDefinitionSteps":[{"description":"Enter a SQL statement that starts with INSERT, SELECT, UPDATE or DELETE.","name":"SQL statement","properties":{"batch":{"defaultValue":"false","deprecated":false,"displayName":"Batch update","enum":[{"label":"No","value":"false"},{"label":"Yes","value":"true"}],"group":"common","javaType":"java.lang.String","kind":"property","labelHint":"Use prepared statements for INSERT, UPDATE, DELETE in order to update multiple rows with batch update.","order":2,"required":true,"secret":false,"type":"string"},"query":{"deprecated":false,"displayName":"SQL statement","group":"common","javaType":"java.lang.String","kind":"path","labelHint":"SQL statement to be executed. Can contain input parameters prefixed by ':#'.","order":1,"placeholder":"for example ':#MYPARAMNAME'","required":true,"secret":false,"type":"string"}}}]},"id":"sql-connector","name":"Invoke SQL","pattern":"To","tags":["dynamic"]},{"actionType":"connector","description":"Periodically invoke SQL to obtain data.","descriptor":{"componentScheme":"sql","connectorCustomizers":["io.syndesis.connector.sql.customizer.SqlStartConnectorCustomizer"],"inputDataShape":{"kind":"none"},"outputDataShape":{"kind":"json-schema"},"propertyDefinitionSteps":[{"description":"Enter a SQL statement that returns results, such as SELECT.","name":"SQL statement","properties":{"query":{"deprecated":false,"displayName":"SQL statement","group":"common","javaType":"java.lang.String","kind":"path","labelHint":"SQL statement to be executed.","order":1,"required":true,"secret":false,"type":"string"},"schedulerExpression":{"defaultValue":"60000","deprecated":false,"displayName":"Period","group":"consumer","javaType":"long","kind":"parameter","labelHint":"Delay between scheduling (executing).","order":2,"required":false,"secret":false,"type":"duration"}}}]},"id":"sql-start-connector","name":"Periodic SQL invocation","pattern":"From","tags":["dynamic"]},{"actionType":"connector","description":"Invoke a stored procedure.","descriptor":{"componentScheme":"sql-stored","connectorCustomizers":["io.syndesis.connector.sql.customizer.SqlStoredConnectorCustomizer"],"inputDataShape":{"kind":"json-schema"},"outputDataShape":{"kind":"json-schema"},"propertyDefinitionSteps":[{"description":"Select the stored procedure.","name":"Procedure name","properties":{"procedureName":{"componentProperty":true,"deprecated":false,"displayName":"Procedure name","group":"common","javaType":"java.lang.String","kind":"property","labelHint":"Name of the stored procedure.","required":false,"secret":false,"type":"string"},"template":{"componentProperty":false,"deprecated":false,"displayName":"Template","group":"producer","javaType":"java.lang.String","kind":"path","labelHint":"Stored procedure template to perform.","required":false,"secret":false,"type":"hidden"}}}]},"id":"sql-stored-connector","name":"Invoke stored procedure","pattern":"To","tags":["dynamic"]},{"actionType":"connector","description":"Periodically invoke a stored procedure.","descriptor":{"componentScheme":"sql-stored","connectorCustomizers":["io.syndesis.connector.sql.customizer.SqlStartStoredConnectorCustomizer"],"inputDataShape":{"kind":"none"},"outputDataShape":{"kind":"json-schema"},"propertyDefinitionSteps":[{"description":"Select the stored procedure.","name":"Procedure name","properties":{"procedureName":{"componentProperty":true,"deprecated":false,"displayName":"Procedure name","group":"producer","javaType":"java.lang.String","kind":"path","labelHint":"Name of the stored procedure.","required":true,"secret":false,"type":"string"},"schedulerExpression":{"defaultValue":"60000","deprecated":false,"displayName":"Period","group":"consumer","javaType":"long","kind":"parameter","labelHint":"Delay between scheduling (executing).","required":false,"secret":false,"type":"duration"},"template":{"componentProperty":false,"deprecated":false,"displayName":"Template","group":"producer","javaType":"java.lang.String","kind":"path","labelHint":"Stored Procedure template to perform.","required":true,"secret":false,"type":"hidden"}}}]},"id":"sql-stored-start-connector","name":"Periodic stored procedure invocation","pattern":"From","tags":["dynamic"]}],"connectorCustomizers":["io.syndesis.connector.sql.customizer.DataSourceCustomizer"],"dependencies":[{"id":"io.syndesis.connector:connector-sql:1.7.13.fuse-740001-redhat-00002","type":"MAVEN"},{"id":"jdbc-driver","type":"EXTENSION_TAG"}],"description":"Subscribe for and publish messages.","icon":"assets:sql.svg","id":"sql","name":"Database","properties":{"password":{"componentProperty":true,"deprecated":false,"displayName":"Password","group":"security","javaType":"java.lang.String","kind":"property","label":"common,security","labelHint":"Password for the database connection.","order":3,"required":true,"secret":true,"type":"string"},"schema":{"componentProperty":true,"deprecated":false,"displayName":"Schema","group":"common","javaType":"java.lang.String","kind":"property","label":"common","labelHint":"Database schema.","order":4,"required":false,"secret":false,"type":"string"},"url":{"componentProperty":true,"deprecated":false,"displayName":"Connection URL","group":"common","javaType":"java.lang.String","kind":"property","labelHint":"JDBC URL of the database.","order":1,"required":true,"secret":false,"type":"string"},"user":{"componentProperty":true,"deprecated":false,"displayName":"Username","group":"common","javaType":"java.lang.String","kind":"property","labelHint":"Username for the database connection.","order":2,"required":true,"secret":false,"type":"string"}},"tags":["verifier"],"version":2},"connectorId":"sql","createdDate":1570600350507,"description":"Subscribe for and publish messages.","icon":"assets:sql.svg","id":"i-Lqj3rBfM4-Tj-_hMS_0z","isDerived":false,"lastUpdated":1570600350507,"name":"Playback Database","userId":"user1","uses":0},"id":"-Lqms9tCJSbRT9nIRLwc","metadata":{"configured":"true"},"stepKind":"endpoint"}],"tags":["i-Lqj0fkJM4-Tj-_hMSZzz","i-Lqj3rBfM4-Tj-_hMS_0z"],"type":"PRIMARY"}],"id":"i-LqmswqG8YKyI0cVbhv5z","name":"Kafka-to-Database","tags":["kafka","sql"],"updatedAt":0,"version":1}}}