{"connections":{":i-Lqj-0i8M4-Tj-_hMSZxz":{"configuredProperties":{"brokerUrl":"tcp://broker.hivemq.com:1883","clientId":"fuse-online","password":"»ENC:2db836ab5dd6f59f731c3286b8a648fdc98f122b3230cf5d8d4f18625b4729dd","userName":"rhtest"},"connector":{"actions":[{"actionType":"connector","description":"Publish a message to a MQTT Broker","descriptor":{"inputDataShape":{"kind":"any"},"outputDataShape":{"kind":"none"},"propertyDefinitionSteps":[{"description":"Publish a message from MQTT Broker","name":"Publish","properties":{"topic":{"deprecated":false,"displayName":"MQTT queue/topic name","group":"common","javaType":"java.lang.String","kind":"path","labelHint":"MQTT queue/topic name","required":true,"secret":false,"type":"string"}}}]},"id":"io.syndesis:paho-publish-connector","name":"Publish","pattern":"To"},{"actionType":"connector","description":"Receive a message from MQTT Broker","descriptor":{"inputDataShape":{"kind":"none"},"outputDataShape":{"kind":"any"},"propertyDefinitionSteps":[{"description":"Receive a message from MQTT Broker","name":"Subscribe","properties":{"topic":{"deprecated":false,"displayName":"MQTT queue/topic name","group":"common","javaType":"java.lang.String","kind":"path","labelHint":"MQTT queue/topic name","required":true,"secret":false,"type":"string"}}}]},"id":"io.syndesis:mqtt-subscribe-connector","name":"Subscribe","pattern":"From"}],"componentScheme":"paho","dependencies":[{"id":"io.syndesis.connector:connector-mqtt:1.7.13.fuse-740001-redhat-00002","type":"MAVEN"}],"description":"Subscribe for and publish messages.","icon":"assets:mqtt.svg","id":"mqtt","name":"MQTT Message Broker","properties":{"brokerUrl":{"deprecated":false,"displayName":"MQTT broker URL","group":"common","javaType":"java.lang.String","kind":"parameter","labelHint":"MQTT broker URL","order":1,"placeholder":"eg 'tcp://localhost:1833'","required":true,"secret":false,"type":"string"},"clientId":{"componentProperty":true,"deprecated":false,"displayName":"Client ID","group":"security","javaType":"java.lang.String","kind":"property","label":"common,security","labelHint":"MQTT client Identifier","order":4,"required":false,"secret":false,"type":"string"},"password":{"componentProperty":true,"deprecated":false,"displayName":"Password","group":"security","javaType":"java.lang.String","kind":"property","label":"common,security","labelHint":"Password for the specified user account.","order":3,"required":false,"secret":true,"type":"string"},"userName":{"componentProperty":true,"deprecated":false,"displayName":"User Name","group":"security","javaType":"java.lang.String","kind":"property","label":"common,security","labelHint":"Access the broker with this user’s authorization credentials.","order":2,"required":false,"secret":false,"type":"string"}},"tags":["verifier"],"version":2},"connectorId":"mqtt","createdDate":1570599082882,"description":"Subscribe for and publish messages.","icon":"assets:mqtt.svg","id":"i-Lqj-0i8M4-Tj-_hMSZxz","isDerived":false,"lastUpdated":1570599082882,"name":"MQTT Message Broker","userId":"user1","uses":0},":i-Lqj0fkJM4-Tj-_hMSZzz":{"configuredProperties":{"brokers":"172.30.184.75:9092"},"connector":{"actions":[{"actionType":"connector","description":"Publish data to the Kafka topic that you select.","descriptor":{"inputDataShape":{"kind":"any"},"outputDataShape":{"kind":"none"},"propertyDefinitionSteps":[{"description":"Specify Kafka topic name","name":"Select the Kafka topic","properties":{"topic":{"componentProperty":false,"deprecated":false,"displayName":"Topic Name","group":"common","javaType":"java.lang.String","kind":"path","labelHint":"Select the Kafka topic to send data to.","order":1,"required":true,"secret":false,"type":"string"}}}]},"id":"io.syndesis:kafka-publish-action","name":"Publish","pattern":"To","tags":["dynamic"]},{"actionType":"connector","description":"Receive data from the Kafka topic that you select.","descriptor":{"inputDataShape":{"kind":"none"},"outputDataShape":{"kind":"any"},"propertyDefinitionSteps":[{"description":"Select the Kafka topic name","name":"Select the Kafka topic","properties":{"topic":{"componentProperty":false,"deprecated":false,"displayName":"Topic Name","group":"common","javaType":"java.lang.String","kind":"path","labelHint":"Select the Kafka topic to receive data from.","order":1,"required":true,"secret":false,"type":"string"}}}]},"id":"io.syndesis:kafka-subscribe-action","name":"Subscribe","pattern":"From","tags":["dynamic"]}],"componentScheme":"kafka","dependencies":[{"id":"io.syndesis.connector:connector-kafka:1.7.13.fuse-740001-redhat-00002","type":"MAVEN"}],"description":"Subscribe for and publish messages","icon":"assets:kafka.svg","id":"kafka","name":"Kafka Message Broker","properties":{"brokers":{"componentProperty":true,"deprecated":false,"displayName":"Kafka Broker URIs","group":"common","javaType":"java.lang.String","kind":"property","label":"common","labelHint":"Comma separated list of Kafka broker URIs in the form host:port. Note that SSL URIs are not supported at this time and will cause an OOM at connection verification (see also https://issues.apache.org/jira/browse/KAFKA-4090)","order":1,"required":true,"secret":false,"type":"string"}},"tags":["verifier"],"version":2},"connectorId":"kafka","createdDate":1570599517204,"description":"Subscribe for and publish messages","icon":"assets:kafka.svg","id":"i-Lqj0fkJM4-Tj-_hMSZzz","isDerived":false,"lastUpdated":1570599517204,"name":"Kafka Message Broker","userId":"user1","uses":0}},"connectors":{":kafka":{"actions":[{"actionType":"connector","description":"Publish data to the Kafka topic that you select.","descriptor":{"inputDataShape":{"kind":"any"},"outputDataShape":{"kind":"none"},"propertyDefinitionSteps":[{"description":"Specify Kafka topic name","name":"Select the Kafka topic","properties":{"topic":{"componentProperty":false,"deprecated":false,"displayName":"Topic Name","group":"common","javaType":"java.lang.String","kind":"path","labelHint":"Select the Kafka topic to send data to.","order":1,"required":true,"secret":false,"type":"string"}}}]},"id":"io.syndesis:kafka-publish-action","name":"Publish","pattern":"To","tags":["dynamic"]},{"actionType":"connector","description":"Receive data from the Kafka topic that you select.","descriptor":{"inputDataShape":{"kind":"none"},"outputDataShape":{"kind":"any"},"propertyDefinitionSteps":[{"description":"Select the Kafka topic name","name":"Select the Kafka topic","properties":{"topic":{"componentProperty":false,"deprecated":false,"displayName":"Topic Name","group":"common","javaType":"java.lang.String","kind":"path","labelHint":"Select the Kafka topic to receive data from.","order":1,"required":true,"secret":false,"type":"string"}}}]},"id":"io.syndesis:kafka-subscribe-action","name":"Subscribe","pattern":"From","tags":["dynamic"]}],"componentScheme":"kafka","dependencies":[{"id":"io.syndesis.connector:connector-kafka:1.7.13.fuse-740001-redhat-00002","type":"MAVEN"}],"description":"Subscribe for and publish messages","icon":"assets:kafka.svg","id":"kafka","name":"Kafka Message Broker","properties":{"brokers":{"componentProperty":true,"deprecated":false,"displayName":"Kafka Broker URIs","group":"common","javaType":"java.lang.String","kind":"property","label":"common","labelHint":"Comma separated list of Kafka broker URIs in the form host:port. Note that SSL URIs are not supported at this time and will cause an OOM at connection verification (see also https://issues.apache.org/jira/browse/KAFKA-4090)","order":1,"required":true,"secret":false,"type":"string"}},"tags":["verifier"],"version":2},":mqtt":{"actions":[{"actionType":"connector","description":"Publish a message to a MQTT Broker","descriptor":{"inputDataShape":{"kind":"any"},"outputDataShape":{"kind":"none"},"propertyDefinitionSteps":[{"description":"Publish a message from MQTT Broker","name":"Publish","properties":{"topic":{"deprecated":false,"displayName":"MQTT queue/topic name","group":"common","javaType":"java.lang.String","kind":"path","labelHint":"MQTT queue/topic name","required":true,"secret":false,"type":"string"}}}]},"id":"io.syndesis:paho-publish-connector","name":"Publish","pattern":"To"},{"actionType":"connector","description":"Receive a message from MQTT Broker","descriptor":{"inputDataShape":{"kind":"none"},"outputDataShape":{"kind":"any"},"propertyDefinitionSteps":[{"description":"Receive a message from MQTT Broker","name":"Subscribe","properties":{"topic":{"deprecated":false,"displayName":"MQTT queue/topic name","group":"common","javaType":"java.lang.String","kind":"path","labelHint":"MQTT queue/topic name","required":true,"secret":false,"type":"string"}}}]},"id":"io.syndesis:mqtt-subscribe-connector","name":"Subscribe","pattern":"From"}],"componentScheme":"paho","dependencies":[{"id":"io.syndesis.connector:connector-mqtt:1.7.13.fuse-740001-redhat-00002","type":"MAVEN"}],"description":"Subscribe for and publish messages.","icon":"assets:mqtt.svg","id":"mqtt","name":"MQTT Message Broker","properties":{"brokerUrl":{"deprecated":false,"displayName":"MQTT broker URL","group":"common","javaType":"java.lang.String","kind":"parameter","labelHint":"MQTT broker URL","order":1,"placeholder":"eg 'tcp://localhost:1833'","required":true,"secret":false,"type":"string"},"clientId":{"componentProperty":true,"deprecated":false,"displayName":"Client ID","group":"security","javaType":"java.lang.String","kind":"property","label":"common,security","labelHint":"MQTT client Identifier","order":4,"required":false,"secret":false,"type":"string"},"password":{"componentProperty":true,"deprecated":false,"displayName":"Password","group":"security","javaType":"java.lang.String","kind":"property","label":"common,security","labelHint":"Password for the specified user account.","order":3,"required":false,"secret":true,"type":"string"},"userName":{"componentProperty":true,"deprecated":false,"displayName":"User Name","group":"security","javaType":"java.lang.String","kind":"property","label":"common,security","labelHint":"Access the broker with this user’s authorization credentials.","order":2,"required":false,"secret":false,"type":"string"}},"tags":["verifier"],"version":2}},"integrations":{":i-LqmfeO18YKyI0cVbhv3z":{"createdAt":1570660853313,"flows":[{"id":"-LqmfLrLJSbRT9nIRLw3","steps":[{"action":{"actionType":"connector","description":"Receive a message from MQTT Broker","descriptor":{"inputDataShape":{"kind":"none"},"outputDataShape":{"kind":"any"},"propertyDefinitionSteps":[{"description":"Receive a message from MQTT Broker","name":"Subscribe","properties":{"topic":{"deprecated":false,"displayName":"MQTT queue/topic name","group":"common","javaType":"java.lang.String","kind":"path","labelHint":"MQTT queue/topic name","required":true,"secret":false,"type":"string"}}}]},"id":"io.syndesis:mqtt-subscribe-connector","name":"Subscribe","pattern":"From"},"configuredProperties":{"topic":"movement"},"connection":{"configuredProperties":{"brokerUrl":"tcp://broker.hivemq.com:1883","clientId":"fuse-online","password":"»ENC:2db836ab5dd6f59f731c3286b8a648fdc98f122b3230cf5d8d4f18625b4729dd","userName":"rhtest"},"connector":{"actions":[{"actionType":"connector","description":"Publish a message to a MQTT Broker","descriptor":{"inputDataShape":{"kind":"any"},"outputDataShape":{"kind":"none"},"propertyDefinitionSteps":[{"description":"Publish a message from MQTT Broker","name":"Publish","properties":{"topic":{"deprecated":false,"displayName":"MQTT queue/topic name","group":"common","javaType":"java.lang.String","kind":"path","labelHint":"MQTT queue/topic name","required":true,"secret":false,"type":"string"}}}]},"id":"io.syndesis:paho-publish-connector","name":"Publish","pattern":"To"},{"actionType":"connector","description":"Receive a message from MQTT Broker","descriptor":{"inputDataShape":{"kind":"none"},"outputDataShape":{"kind":"any"},"propertyDefinitionSteps":[{"description":"Receive a message from MQTT Broker","name":"Subscribe","properties":{"topic":{"deprecated":false,"displayName":"MQTT queue/topic name","group":"common","javaType":"java.lang.String","kind":"path","labelHint":"MQTT queue/topic name","required":true,"secret":false,"type":"string"}}}]},"id":"io.syndesis:mqtt-subscribe-connector","name":"Subscribe","pattern":"From"}],"componentScheme":"paho","dependencies":[{"id":"io.syndesis.connector:connector-mqtt:1.7.13.fuse-740001-redhat-00002","type":"MAVEN"}],"description":"Subscribe for and publish messages.","icon":"assets:mqtt.svg","id":"mqtt","name":"MQTT Message Broker","properties":{"brokerUrl":{"deprecated":false,"displayName":"MQTT broker URL","group":"common","javaType":"java.lang.String","kind":"parameter","labelHint":"MQTT broker URL","order":1,"placeholder":"eg 'tcp://localhost:1833'","required":true,"secret":false,"type":"string"},"clientId":{"componentProperty":true,"deprecated":false,"displayName":"Client ID","group":"security","javaType":"java.lang.String","kind":"property","label":"common,security","labelHint":"MQTT client Identifier","order":4,"required":false,"secret":false,"type":"string"},"password":{"componentProperty":true,"deprecated":false,"displayName":"Password","group":"security","javaType":"java.lang.String","kind":"property","label":"common,security","labelHint":"Password for the specified user account.","order":3,"required":false,"secret":true,"type":"string"},"userName":{"componentProperty":true,"deprecated":false,"displayName":"User Name","group":"security","javaType":"java.lang.String","kind":"property","label":"common,security","labelHint":"Access the broker with this user’s authorization credentials.","order":2,"required":false,"secret":false,"type":"string"}},"tags":["verifier"],"version":2},"connectorId":"mqtt","createdDate":1570599082882,"description":"Subscribe for and publish messages.","icon":"assets:mqtt.svg","id":"i-Lqj-0i8M4-Tj-_hMSZxz","isDerived":false,"lastUpdated":1570599082882,"name":"MQTT Message Broker","userId":"user1","uses":0},"id":"-LqmfSmWJSbRT9nIRLw3","metadata":{"configured":"true"},"stepKind":"endpoint"},{"action":{"actionType":"connector","description":"Publish data to the Kafka topic that you select.","descriptor":{"inputDataShape":{"kind":"any"},"outputDataShape":{"kind":"none"},"propertyDefinitionSteps":[{"description":"Specify Kafka topic name","name":"Select the Kafka topic","properties":{"topic":{"componentProperty":false,"defaultValue":"movement","deprecated":false,"displayName":"Topic Name","group":"common","javaType":"java.lang.String","kind":"path","labelHint":"Select the Kafka topic to send data to.","order":1,"required":true,"secret":false,"type":"string"}}}]},"id":"io.syndesis:kafka-publish-action","name":"Publish","pattern":"To","tags":["dynamic"]},"configuredProperties":{"topic":"movement"},"connection":{"configuredProperties":{"brokers":"172.30.184.75:9092"},"connector":{"actions":[{"actionType":"connector","description":"Publish data to the Kafka topic that you select.","descriptor":{"inputDataShape":{"kind":"any"},"outputDataShape":{"kind":"none"},"propertyDefinitionSteps":[{"description":"Specify Kafka topic name","name":"Select the Kafka topic","properties":{"topic":{"componentProperty":false,"deprecated":false,"displayName":"Topic Name","group":"common","javaType":"java.lang.String","kind":"path","labelHint":"Select the Kafka topic to send data to.","order":1,"required":true,"secret":false,"type":"string"}}}]},"id":"io.syndesis:kafka-publish-action","name":"Publish","pattern":"To","tags":["dynamic"]},{"actionType":"connector","description":"Receive data from the Kafka topic that you select.","descriptor":{"inputDataShape":{"kind":"none"},"outputDataShape":{"kind":"any"},"propertyDefinitionSteps":[{"description":"Select the Kafka topic name","name":"Select the Kafka topic","properties":{"topic":{"componentProperty":false,"deprecated":false,"displayName":"Topic Name","group":"common","javaType":"java.lang.String","kind":"path","labelHint":"Select the Kafka topic to receive data from.","order":1,"required":true,"secret":false,"type":"string"}}}]},"id":"io.syndesis:kafka-subscribe-action","name":"Subscribe","pattern":"From","tags":["dynamic"]}],"componentScheme":"kafka","dependencies":[{"id":"io.syndesis.connector:connector-kafka:1.7.13.fuse-740001-redhat-00002","type":"MAVEN"}],"description":"Subscribe for and publish messages","icon":"assets:kafka.svg","id":"kafka","name":"Kafka Message Broker","properties":{"brokers":{"componentProperty":true,"deprecated":false,"displayName":"Kafka Broker URIs","group":"common","javaType":"java.lang.String","kind":"property","label":"common","labelHint":"Comma separated list of Kafka broker URIs in the form host:port. Note that SSL URIs are not supported at this time and will cause an OOM at connection verification (see also https://issues.apache.org/jira/browse/KAFKA-4090)","order":1,"required":true,"secret":false,"type":"string"}},"tags":["verifier"],"version":2},"connectorId":"kafka","createdDate":1570599517204,"description":"Subscribe for and publish messages","icon":"assets:kafka.svg","id":"i-Lqj0fkJM4-Tj-_hMSZzz","isDerived":false,"lastUpdated":1570599517204,"name":"Kafka Message Broker","userId":"user1","uses":0},"id":"-LqmfX2zJSbRT9nIRLw3","metadata":{"configured":"true"},"stepKind":"endpoint"}],"tags":["i-Lqj-0i8M4-Tj-_hMSZxz","i-Lqj0fkJM4-Tj-_hMSZzz"],"type":"PRIMARY"}],"id":"i-LqmfeO18YKyI0cVbhv3z","name":"MQTT-to-Kafka","tags":["kafka","mqtt"],"updatedAt":0,"version":1}}}